,barcode,original_cluster,new_cluster,confidence,prob_0,prob_1,prob_2,prob_3,prob_4,prob_5,prob_6,prob_7,changed,p_value,p_value_refined,second_prob,second_class,prob_diff
CAATCCATTATCCGTT-1,CAATCCATTATCCGTT-1,2,1,0.25,0.15,0.25,0.15,0.01,0.08,0.1,0.1,0.16,True,0.75,0.010734929810074319,0.16,7,0.09
CACGACCACAGACTTT-1,CACGACCACAGACTTT-1,1,1,0.44,0.18,0.44,0.22,0.0,0.04,0.01,0.08,0.03,False,0.56,0.21772639691714837,0.22,2,0.22
CGCCCTTACATCCACC-1,CGCCCTTACATCCACC-1,2,2,0.45,0.14,0.34,0.45,0.01,0.01,0.02,0.02,0.01,False,0.55,0.23644371043214973,0.34,1,0.10999999999999999
GGGTCACGTGCTTATG-1,GGGTCACGTGCTTATG-1,1,1,0.44,0.14,0.44,0.29,0.0,0.07,0.01,0.02,0.03,False,0.56,0.21772639691714837,0.29,2,0.15000000000000002
GTGGCGTGCACCAGAG-1,GTGGCGTGCACCAGAG-1,1,1,0.49,0.11,0.49,0.33,0.01,0.02,0.02,0.01,0.01,False,0.51,0.31131296449215523,0.33,2,0.15999999999999998
TTACGTAGCGCGTGCT-1,TTACGTAGCGCGTGCT-1,2,2,0.46,0.08,0.29,0.46,0.01,0.07,0.05,0.04,0.0,False,0.54,0.2551610239471511,0.29,1,0.17000000000000004
